{
  "ie": {
    "6": 0,
    "7": 0.0017934474882069181,
    "8": 0.008058867934020697,
    "9": 0.0034005627698468835,
    "10": 0.003051189882533848,
    "11": 0.41025693580878775,
    "5.5": 0
  },
  "edge": {
    "12": 0.004844637370740766,
    "13": 0.005450217042083361,
    "14": 0.16974864018249378,
    "15": 0.1999111661205192,
    "16": 0.6557263264349269,
    "17": 6.532760579185714,
    "18": 1.7527571925978598
  },
  "firefox": {
    "2": 0,
    "3": 0,
    "4": 0,
    "5": 0,
    "6": 0,
    "7": 0.00027949830985042883,
    "8": 0,
    "9": 0,
    "10": 0,
    "11": 0,
    "12": 0.000349372887313036,
    "13": 0,
    "14": 0,
    "15": 0.00009316610328347628,
    "16": 0,
    "17": 0.00009316610328347628,
    "18": 0,
    "19": 0,
    "20": 0.0010714101877599771,
    "21": 0.0011645762910434533,
    "22": 0,
    "23": 0,
    "24": 0.0007220373004469411,
    "25": 0,
    "26": 0.00018633220656695255,
    "27": 0.00009316610328347628,
    "28": 0,
    "29": 0,
    "30": 0.0005357050938799886,
    "31": 0.0014440746008938822,
    "32": 0.0004425389905965123,
    "33": 0.00027949830985042883,
    "34": 0.0003726644131339051,
    "35": 0.00009316610328347628,
    "36": 0.0008850779811930246,
    "37": 0,
    "38": 0.0014440746008938822,
    "39": 0.0005589966197008577,
    "40": 0.00009316610328347628,
    "41": 0.0021661119013408232,
    "42": 0.00046583051641738133,
    "43": 0.002072945798057347,
    "44": 0.0034005627698468835,
    "45": 0.0065449187556642086,
    "46": 0.0006288711971634648,
    "47": 0.008152034037304174,
    "48": 0.0048213458449198965,
    "49": 0.0021428203755199542,
    "50": 0.005030969577307719,
    "51": 0.01674660706520486,
    "52": 0.2765635775969993,
    "53": 0.012111593426851915,
    "54": 0.01702610537505529,
    "55": 0.007080623849544197,
    "56": 0.0649134824627621,
    "57": 0.0491684110078546,
    "58": 0.025527512299672497,
    "59": 0.03258484462339582,
    "60": 0.5767214708505389,
    "61": 0.13397285652163887,
    "62": 0.10469540856480646,
    "63": 0.36069256886197837,
    "64": 6.181757285065218,
    "65": 4.757759979428925,
    "66": 0.059719472204708295,
    "67": 0.011273098497300628,
    "3.5": 0,
    "3.6": 0
  },
  "chrome": {
    "4": 0,
    "5": 0,
    "6": 0,
    "7": 0,
    "8": 0,
    "9": 0,
    "10": 0,
    "11": 0.00018633220656695255,
    "12": 0,
    "13": 0,
    "14": 0,
    "15": 0,
    "16": 0,
    "17": 0,
    "18": 0,
    "19": 0,
    "20": 0,
    "21": 0.0007220373004469411,
    "22": 0,
    "23": 0,
    "24": 0.00009316610328347628,
    "25": 0,
    "26": 0,
    "27": 0.00018633220656695255,
    "28": 0.000349372887313036,
    "29": 0,
    "30": 0,
    "31": 0.00374993565715992,
    "32": 0,
    "33": 0,
    "34": 0.00027949830985042883,
    "35": 0,
    "36": 0.014324288379834476,
    "37": 0,
    "38": 0.00027949830985042883,
    "39": 0.0010947017135808461,
    "40": 0.001374200023431275,
    "41": 0,
    "42": 0.0007220373004469411,
    "43": 0.0014440746008938822,
    "44": 0.002422318685370383,
    "45": 0.012717173098194512,
    "46": 0.015838237558190967,
    "47": 0.011925261220284963,
    "48": 0.026202966548477702,
    "49": 0.3369585040505128,
    "50": 0.011715637487897142,
    "51": 0.025527512299672497,
    "52": 0.014464037534759692,
    "53": 0.006661376384768554,
    "54": 0.012041718849389309,
    "55": 0.06230483157082476,
    "56": 0.030721522557726297,
    "57": 0.08715688962169205,
    "58": 0.09204811004407455,
    "59": 0.025341180093105545,
    "60": 0.03936267863726872,
    "61": 0.061815709528586504,
    "62": 0.10383362210943431,
    "63": 0.2883723811881799,
    "64": 0.5610928570247359,
    "65": 0.1795077895014379,
    "66": 0.14964805339908377,
    "67": 0.29708341184518494,
    "68": 0.3133176053423307,
    "69": 0.41507828165370764,
    "70": 1.8511871807168525,
    "71": 33.04021724471964,
    "72": 18.25151913154285,
    "73": 0.38759428118508216,
    "74": 0.028159454717430702,
    "75": 0.004402098380144254
  },
  "safari": {
    "4": 0,
    "5": 0,
    "6": 0.0007220373004469411,
    "7": 0.0010714101877599771,
    "8": 0.002771691572683419,
    "9": 0.0022359864788034306,
    "10": 0.005147427206412064,
    "11": 0.1149902629776306,
    "12": 5.119197877117171,
    "3.1": 0,
    "3.2": 0,
    "5.1": 0.0012577423943269297,
    "6.1": 0.000978244084476501,
    "7.1": 0.00009316610328347628,
    "9.1": 0.017654976572218754,
    "10.1": 0.021824159694154317,
    "11.1": 0.6048809255679697,
    "12.1": 0.030162525938025445,
    "TP": 0
  },
  "opera": {
    "9": 0,
    "11": 0,
    "12": 0,
    "15": 0,
    "16": 0,
    "17": 0,
    "18": 0,
    "19": 0,
    "20": 0,
    "21": 0,
    "22": 0,
    "23": 0,
    "24": 0,
    "25": 0,
    "26": 0,
    "27": 0,
    "28": 0,
    "29": 0.00009316610328347628,
    "30": 0,
    "31": 0,
    "32": 0.004122600070293825,
    "33": 0.003121064459996455,
    "34": 0,
    "35": 0.0012577423943269297,
    "36": 0.01854005455341178,
    "37": 0.00009316610328347628,
    "38": 0.00046583051641738133,
    "39": 0,
    "40": 0,
    "41": 0,
    "42": 0.0013509084976104058,
    "43": 0.00009316610328347628,
    "44": 0.00009316610328347628,
    "45": 0.0025154847886538594,
    "46": 0.0007220373004469411,
    "47": 0.0003726644131339051,
    "48": 0.0013509084976104058,
    "49": 0.0011645762910434533,
    "50": 0.0017934474882069181,
    "51": 0.0007220373004469411,
    "52": 0.0013509084976104058,
    "53": 0.0035868949764138363,
    "54": 0.0022359864788034306,
    "55": 0.005310467887158147,
    "56": 0.14300996854013606,
    "57": 1.1554227213958517,
    "58": 0.6960439576308511,
    "9.5-9.6": 0,
    "10.0-10.1": 0,
    "10.5": 0,
    "10.6": 0,
    "11.1": 0,
    "11.5": 0,
    "11.6": 0,
    "12.1": 0.0011645762910434533
  },
  "ios_saf": {
    "8": 0.00027949830985042883,
    "3.2": 0,
    "4.0-4.1": 0,
    "4.2-4.3": 0,
    "5.0-5.1": 0.0012577423943269297,
    "6.0-6.1": 0.00009316610328347628,
    "7.0-7.1": 0.0007919118779095483,
    "8.1-8.4": 0.00009316610328347628,
    "9.0-9.2": 0.00018633220656695255,
    "9.3": 0.006032505187605088,
    "10.0-10.2": 0.0043322238026816465,
    "10.3": 0.0207061664547526,
    "11.0-11.2": 0.1276142699725416,
    "11.3-11.4": 0.3611583993783958,
    "12.0-12.1": 5.011125197308338,
    "12.2": 0.03363296328533493
  },
  "op_mini": {
    "all": 0
  },
  "android": {
    "3": 0,
    "4": 0.00009316610328347628,
    "67": 0.44533397369501654,
    "2.1": 0,
    "2.2": 0,
    "2.3": 0,
    "4.1": 0.00009316610328347628,
    "4.2-4.3": 0.0005589966197008577,
    "4.4": 0.00027949830985042883,
    "4.4.3-4.4.4": 0
  },
  "bb": {
    "7": 0,
    "10": 0
  },
  "op_mob": {
    "10": 0.009060403544318068,
    "11": 0.009060403544318068,
    "12": 0.009060403544318068,
    "46": 0.009060403544318068,
    "11.1": 0.009060403544318068,
    "11.5": 0.009060403544318068,
    "12.1": 0.009060403544318068
  },
  "and_chr": {
    "71": 5.726011999328272
  },
  "and_ff": {
    "64": 0.20200740344439744
  },
  "ie_mob": {
    "10": 0,
    "11": 0
  },
  "and_uc": {
    "11.8": 0.016676732487742253
  },
  "samsung": {
    "4": 0,
    "5.0-5.4": 0,
    "6.2-6.4": 0,
    "7.2-7.4": 0,
    "8.2": 0
  },
  "and_qq": {
    "1.2": 0
  },
  "baidu": {
    "7.12": 0
  }
}